path,note_file,status,checksum,ecosystem_insights
.cursor/rules/code_style.mdc,.cursor_rules_code_style_mdc.md,completed,high,core_coding_philosophy
.cursor/rules/core_rules.mdc,.cursor_rules_core_rules_mdc.md,completed,high,universal_working_patterns
.cursor/rules/agent_rules.mdc,.cursor_rules_agent_rules_mdc.md,completed,high,personal_personality_embodiment
.cursor/rules/project_philosophy.mdc,.cursor_rules_project_philosophy_mdc.md,completed,high,core_project_principles
.cursor/guides/development/cursor_best_practices.md,.cursor_guides_development_cursor_best_practices_md.md,completed,high,power_user_methodology
.cursor/guides/refactoring/configuration_pattern_playbook.md,.cursor_guides_refactoring_configuration_pattern_playbook_md.md,completed,high,revolutionary_pattern_mastery
.cursor/thinktank/thinktank_rules.md,.cursor_thinktank_thinktank_rules_md.md,completed,high,systematic_planning_methodology
.cursor/projects/current/context.md,.cursor_projects_current_context_md.md,completed,high,current_meta_duck_development
.cursor/logs/completed/config_experiment.md,.cursor_logs_completed_config_experiment_md.md,completed,high,configuration_pattern_success
.cursor/logs/completed/config_color.md,.cursor_logs_completed_config_color_md.md,completed,high,complex_module_mastery
.cursor/examples/configuration_pattern.py,.cursor_examples_configuration_pattern_py.md,completed,high,pattern_template_mastery
Codes/Config/experiment.py,Codes_Config_experiment_py.md,completed,high,configuration_pattern_implementation
Codes/Config/_experiment/__init__.py,Codes_Config__experiment___init__py.md,completed,high,configuration_function_mastery
Codes/Config/_color/__init__.py,Codes_Config__color___init__py.md,completed,high,complex_configuration_mastery
.cursor/templates/validation_template.py,.cursor_templates_validation_template_py.md,completed,high,validation_framework_mastery
.cursor/prompts/before_commit_validation.md,.cursor_prompts_before_commit_validation_md.md,completed,high,quality_assurance_philosophy
.cursor/thinktank/create_agent/summary.md,.cursor_thinktank_create_agent_summary_md.md,completed,high,duck_system_vision
.cursor/thinktank/create_agent/decisions.md,.cursor_thinktank_create_agent_decisions_md.md,completed,high,decision_making_philosophy
.cursor/thinktank/create_agent/architecture.md,.cursor_thinktank_create_agent_architecture_md.md,completed,high,system_architecture_philosophy
.cursor/agent/workflows/thinktank.md,.cursor_agent_workflows_thinktank_md.md,completed,high,thinktank_methodology_mastery
Codes/Config/color.py,color_config_analysis.md,completed,high,complex_module_mastery_example
Codes/Config/__init__.py,Codes_Config___init__py.md,completed,medium,package_design_philosophy
Codes/Config/experiment.py,experiment_config_analysis.md,completed,high,configuration_pattern_implementation
Codes/Config/_experiment/periods.py,periods_time_report_analysis.md,completed,high,time_management_system
Codes/Config/_experiment/time.py,periods_time_report_analysis.md,completed,high,time_management_system
Codes/Config/_experiment/report.py,periods_time_report_analysis.md,completed,high,time_management_system
Codes_Before/BehaviorClassifier/_main.py,behavior_classifier_analysis.md,completed,high,orchestration_pattern
Codes_Before/BehaviorClassifier/_classifier.py,behavior_classifier_analysis.md,completed,high,classification_pipeline
Codes_Before/Config/param.py,param_path_utils_qc_analysis.md,completed,high,parameter_registry_system
Codes_Before/Config/path.py,param_path_utils_qc_analysis.md,completed,high,path_management_system
Codes_Before/BehaviorClassifier/_utils.py,param_path_utils_qc_analysis.md,completed,high,utility_architecture
Codes_Before/BehaviorClassifier/_qc_error_flag.py,param_path_utils_qc_analysis.md,completed,high,quality_control_system
.cursor/agent/templates/scientific-software.md,.cursor_agent_templates_scientific_software_md.md,completed,high,scientific_software_standards
.cursor/logs/active/current_focus.md,.cursor_logs_active_current_focus_md.md,completed,high,current_breakthrough_success_state
.cursor/guides/development/cursor_best_practices.md,.cursor_guides_development_cursor_best_practices_md.md,completed,high,power_user_methodology
.cursor/guides/refactoring/configuration_pattern_playbook.md,.cursor_guides_refactoring_configuration_pattern_playbook_md.md,completed,high,revolutionary_pattern_mastery
.cursor/thinktank/thinktank_rules.md,.cursor_thinktank_thinktank_rules_md.md,completed,high,systematic_planning_methodology
